Section 1 Manufacturers information. enter manufacturer's NAME,Business,Date_of_Accident,Time_of_accident,Location,city,county,state,zip,Operator
"Aimotive, Inc","Aimotive, Inc.",2019-09-16,10:00 PM,"SB, 101 US Freeway, Old Middlefield Rd x Shorline",Mountain View,Santa Clara,CA,94043,
,Apollo Autonomous Driving USA LLC,2023-06-29,3:39 PM,Moraga St near 34th Ave,San Francisco,San Francisco,CA,94122,Apollo Autonomous Driving USA LLC
,Apollo Autonomous Driving USA LLC,2023-09-06,12:25 PM,2037 Rivera Street,San Francisco,San Francisco,CA,94116,Apollo Autonomous Driving USA LLC
,Apollo Autonomous Driving USA LLC,2023-10-16,12:02 PM,1901 46th Avenue,San Francisco,San Francisco,CA,94116,Apollo Autonomous Driving USA LLC
,Apple Inc.,2024-02-15,12:03 PM,US 101N at Ellis St Exit,Sunnyvale,Santa Clara,CA,94089,Apple Inc.
,Apple Inc.,2023-05-11,04:55 PM,Our Lady's Way & Great America Pkwy,Santa Clara,Santa Clara,CA,95054,Apple Inc.
,Apple Inc.,2023-09-26,11:33 PM,I-80 Westbound,Emeryville,Alameda,CA,94608,Apple Inc.
,Apple Inc.,2023-09-29,2:58 PM,US 101S near Capitol Expressway,San Jose,Santa Clara,CA,95121,Apple Inc.
,Apple Inc.,2023-10-13,1:52 PM,I-880N near Brokaw Rd Exit,San Jose,Santa Clara,CA,95131,Apple Inc.
,Apple Inc.,2023-10-23,05:06 PM,Lawrence Expressway and Kifer Road,Santa Clara,Santa Clara,CA,95051,Apple Inc.
,Apple Inc.,2022-02-17,8:25 PM,300 Charles Street,Sunnyvale,Santa Clara,CA,94086,Apple Inc.
,Apple Inc.,2022-02-22,1:32 PM,EB E Evelyn Ave btw Mondrian and Bernardo,Mountain View,Santa Clara,CA,94041,Apple Inc.
,Apple Inc.,2022-03-15,06:59 PM,SB Semiconductor Drive,Santa Clara,Santa Clara,CA,95051,Apple Inc.
,Apple Inc.,2022-10-20,11:19 PM,US-101S Ramp & Lawrence Expressway,Sunnyvale,Santa Clara,CA,94085,Apple Inc.
,Apple Inc.,2021-11-11,5:01 PM,North Fair Oaks Ave and Kifer Road,Sunnyvale,Santa Clara,CA,94086,Apple Inc.
,Apple Inc.,2024-01-26,11:06 PM,I-580E and I-238 Junction,Castro Valley,Alameda,CA,94546,Apple Inc.
,Apple Inc.,2023-02-21,10:15 PM,Homestead Rd & Kennewick Dr,Sunnyvale,Santa Clara,CA,94087,Apple Inc.
,Apple Inc.,2021-08-19,9:30 PM,690 University Ave.,San Diego,San Diego,CA,92103,Apple Inc.
,Apple Inc.,2021-08-23,8:21 PM,Main Street Cupertino Parking Roadway Intersectio,Cupertino,Santa Clara,CA,95014,Apple Inc.
Apple Inc.,Apple Inc.,2019-09-19,7:58 PM,Sunnyvale Community Center Park Entrance,Sunnyvale,Santa Clara,CA,94087,
,Apple Inc.,2022-10-10,09:56 PM,Lawrence Expy and Sandia Ave,Sunnyvale,Santa Clara,CA,94089,Apple Inc.
,Apple Inc.,2021-12-06,5:53 PM,El Camino Real & 604 El Camino Real Parking Exit,Sunnyvale,Santa Clara,CA,94087,Apple Inc.
,Apple Inc.,2022-12-20,12:46 PM,US 101N near Marine Pkwy Exit,Belmont,San Mateo,CA,94002,Apple Inc.
,Apple Inc.,2022-06-14,03:15 PM,Moorpark Way and E Evelyn Ave,Mountain View,Santa Clara,CA,94041,Apple Inc.
,Apple Inc.,2021-09-27,10:53 PM,N Mathilda Ave and Del Rey Ave,Sunnyvale,Santa Clara,CA,94085,Apple Inc.
,Argo AI,2021-07-01,3:19 PM,El Camino/Page Mill RD,Palo Alto,Santa Clara,CA,94304,"Argo AI, LLC"
,Argo AI,2022-09-22,5:24 PM,SE Park Avenue,Palo Alto,Santa Clara,CA,94306,"Argo AI, LLC"
,Argo AI,2021-10-19,2:25 PM,Grant Ave/El Camino Real,Palo Alto,Santa Clara,CA,94306,"Argo AI, LLC"
,Argo AI,2021-07-08,09:18 PM,Stanford Ave/Bowdoin St,Palo Alto,Santa Clara,CA,94304,"Argo AI, LLC"
Aurora Innovation Inc,Aurora Innovation Inc,2019-01-10,02:52 PM,Townsend and 3rd,San Francisco,San Francisco,CA,94107,
"Aurora Innovation, Inc.",Aurora,2020-01-14,11:13 PM,Lafayette St. and Benton St.,Santa Clara,Santa Clara,CA,95050,
,"Beep, Inc.",2023-08-23,5:54 PM,"9th St at Seven Seas Ave, Treasure Island",San Francisco,San Francisco,CA,94130,"Beep, Inc."
,Cruise,2023-04-21,8:13 PM,887 Geary St,San Francisco,San Francisco,CA,94109,Cruise LLC
,Cruise,2023-04-22,9:59 PM,810 10th St,San Francisco,San Francisco,CA,94103,Cruise LLC
,Cruise,2023-05-03,4:38 PM,Three Embarcadero Center,San Francisco,San Francisco,CA,94111,Cruise LLC
,Cruise,2023-05-07,5:03 PM,1494 Polk St,San Francisco,San Francisco,CA,94109,Cruise LLC
,Cruise,2023-05-18,4:00 PM,450 10th St,San Francisco,San Francisco,CA,94103,Cruise LLC
,Cruise,2023-05-21,9:24 PM,1121 Folsom St,San Francisco,San Francisco,CA,94103,Cruise LLC
,Cruise,2023-06-08,10:37 PM,2275 Revere Ave,San Francisco,San Francisco,CA,94124,Cruise LLC
,Cruise,2023-06-09,10:22 PM,2181 Harrison St,San Francisco,San Francisco,CA,94110,Cruise LLC
,Cruise,2023-06-15,9:36 PM,3164 Sacramento St,San Francisco,San Francisco,CA,94115,Cruise LLC
,Cruise,2023-06-17,10:45 PM,450 10th St,San Francisco,San Francisco,CA,94103,Cruise LLC
,Cruise,2023-06-17,11:30 PM,3376 19th St,San Francisco,San Francisco,CA,94110,Cruise LLC
,Cruise,2023-06-29,1:05 PM,1207 Selby St,San Francisco,San Francisco,CA,94124,Cruise LLC
,Cruise,2023-07-02,12:07 PM,190 Franklin St,San Francisco,San Francisco,CA,94102,Cruise LLC
,Cruise,2023-07-21,1:56 PM,425 McAllister Street,San Francisco,San Francisco,CA,94102,Cruise LLC
,Cruise,2023-07-21,1:56 PM,425 McAllister Street,San Francisco,San Francisco,CA,94102,Cruise LLC
,Cruise,2023-07-28,11:51 PM,1698 Van Ness Ave,San Francisco,San Francisco,CA,94109,Cruise LLC
,Cruise,2023-07-30,10:41 PM,3309 Mission St,San Francisco,San Francisco,CA,94110,Cruise LLC
,Cruise,2023-08-08,10:37 PM,901 Pennsylvania Ave,San Francisco,San Francisco,CA,94107,Cruise LLC
,Cruise,2023-08-14,4:45 PM,131 Albion St,San Francisco,San Francisco,CA,94110,Cruise LLC
,Cruise,2023-08-17,12:12 PM,2100 17th St,San Francisco,San Francisco,CA,94103,Cruise LLC
,Cruise,2023-08-18,12:19 PM,3401 26th St,San Francisco,San Francisco,CA,94110,Cruise LLC
,Cruise,2023-09-11,5:32 PM,215 Bush St,San Francisco,San Francisco,CA,94104,Cruise LLC
,Cruise,2023-09-25,9:37 PM,382 25th Ave,San Francisco,San Francisco,CA,94121,Cruise LLC
,Cruise,2023-09-27,8:42 PM,453 2nd St,San Francisco,San Francisco,CA,94107,Cruise LLC
,Cruise,2023-10-06,11:37 PM,308 Scott St,San Francisco,San Francisco,CA,94117,Cruise LLC
,Cruise,2023-10-27,1:29 PM,1113 26th St,Santa Monica,Los Angeles,CA,90403,Cruise LLC
,Cruise,2023-01-25,06:24 PM,1699 13th St,San Francisco,San Francisco,CA,94103,Cruise LLC
,Cruise,2022-01-26,03:56 PM,198 10 St,San Francisco,San Francisco,CA,94103,Cruise LLC
,Cruise,2022-01-29,1:10 PM,280 Potrero AV,San Francisco,San Francisco,CA,94103,Cruise LLC
,Cruise,2022-02-11,12:42 PM,1002 Masonic Ave,San Francisco,San Francisco,CA,94117,Cruise LLC
,Cruise,2022-02-19,08:36 PM,890 Geary Blvd,San Francisco,San Francisco,CA,94109,Cruise LLC
,Cruise,2023-03-06,01:06 PM,1199 Polk St,San Francisco,San Francisco,CA,94109,Cruise LLC
,Cruise,2022-03-15,12:26 PM,3001 16th St,San Francisco,San Francisco,CA,94103,Cruise LLC
,Cruise,2023-03-18,3:26 PM,499 25th Avenue,San Francisco,San Francisco,CA,94121,Cruise LLC
,Cruise,2023-03-21,5:58 PM,1660 Sacramento Street,San Francisco,San Francisco,CA,94109,Cruise LLC
,Cruise,2023-03-22,4:29 PM,1695 Polk Street,San Francisco,San Francisco,CA,94109,Cruise LLC
,Cruise,2023-03-22,3:20 PM,1258 Shafter Avenue,San Francisco,San Francisco,CA,94124,Cruise LLC
,Cruise,2023-03-22,11:30 PM,2654 Turk Boulevard,San Francisco,San Francisco,CA,94118,Cruise LLC
,Cruise,2022-03-24,1:24 PM,1090 Point Lobos Avenue,San Francisco,San Francisco,CA,94121,Cruise LLC
,Cruise,2022-03-26,02:07 PM,2200 Greenwich St,San Francisco,San Francisco,CA,94123,Cruise LLC
,Cruise,2022-03-29,9:44 PM,1145 Hayes St,San Francisco,San Francisco,CA,94117,Cruise LLC
,Cruise,2022-04-01,00:43 PM,1333 Bush St,San Francisco,San Francisco,CA,94109,Cruise LLC
,Cruise,2022-04-09,01:55 PM,1798 Sacramento St,San Francisco,San Francisco,CA,94109,Cruise LLC
,Cruise,2022-04-24,03:35 PM,1225 Steiner,San Francisco,San Francisco,CA,94115,Cruise LLC
,Cruise,2022-04-25,11:21 PM,1798 Sacramento St,San Francisco,San Francisco,CA,94109,Cruise LLC
Cruise LLC,Cruise,2021-05-11,03:59 PM,901 Castro St,San Francisco,San Francisco,CA,94114,
,Cruise,2022-05-13,04:37 PM,1699 Pine St,San Francisco,San Francisco,CA,94109,Cruise LLC
,Cruise,2022-05-25,8:42 PM,135 Drumm St,San Francisco,San Francisco,CA,94111,Cruise LLC
,Cruise,2022-06-02,01:54 PM,1534 Hayes St,San Francisco,San Francisco,CA,94117,Cruise LLC
,Cruise,2022-06-03,11:00 PM,698 Spruce Street,San Francisco,San Francisco,CA,94118,Cruise LLC
,Cruise,2023-06-24,11:08 PM,676 Tennessee St,San Francisco,San Francisco,CA,94107,Cruise LLC
,Cruise,2021-07-01,08:21 PM,400 Block of 6th St,San Francisco,San Francisco,CA,94103,Cruise LLC
Cruise LLC,Cruise,2020-07-25,4:53 PM,Taraval St. and 21st Ave.,San Francisco,San Francisco,CA,94116,
,Cruise,2022-08-16,03:53 PM,Martin Luther King Jr. Drive and Crossover Drive,San Francisco,San Francisco,CA,94122,Cruise LLC
,Cruise,2022-09-01,6:46 PM,766 Pine St,San Francisco,San Francisco,CA,94108,Cruise LLC
,Cruise,2022-09-04,05:37 PM,1597 Howard St,San Francisco,San Francisco,CA,94103,Cruise LLC
,Cruise,2021-11-13,4:49 PM,1100 Ocean Ave,San Francisco,San Francisco,CA,94112,Cruise LLC
,Cruise,2021-11-14,8:38 PM,385 4th Ave,San Francisco,San Francisco,CA,94118,Cruise LLC
,Cruise,2022-11-16,2:59 PM,850 Van Ness Avenue,San Francisco,San Francisco,CA,94109,Cruise LLC
,Cruise,2021-11-21,2:05 PM,1277 Cayuga St,San Francisco,San Francisco,CA,94112,Cruise LLC
,Cruise,2021-12-01,05:35 PM,1219 Hayes St,San Francisco,San Francisco,CA,94117,Cruise LLC
,Cruise,2021-12-01,05:22 PM,900 Laguna St,San Francisco,San Francisco,CA,94115,Cruise LLC
,Cruise,2021-12-11,4:47 PM,460 Larkin St,San Francisco,San Francisco,CA,94102,Cruise LLC
,Cruise,2021-12-26,6:41 PM,799 14th Ave,San Francisco,San Francisco,CA,94118,Cruise LLC
,Cruise,2022-12-28,11:59 PM,1398 Folsom St,San Francisco,San Francisco,CA,94103,Cruise LLC
,Cruise,2022-09-05,05:14 PM,1727 Sacramento Street,San Francisco,San Francisco,CA,94109,Cruise LLC
Cruise LLC,Cruise,2020-01-02,8:24 PM,Clement St between 24th Ave and 25th Ave,San Francisco,San Francisco,CA,94121,
Cruise LLC,Cruise,2020-01-12,12:40 PM,Clipper St. and Portola Dr.,San Francisco,San Francisco,CA,,
Cruise LLC,Cruise,2021-01-13,5:32 PM,201 Grant Av,San Francisco,San Francisco,CA,94108,
Cruise LLC,Cruise,2021-01-21,2:38 PM,433 Minna St,San Francisco,San Francisco,CA,94103,
Cruise LLC,Cruise,2020-01-25,8:10 PM,4307 24th St,San Francisco,San Francisco,CA,94114,
Cruise LLC,Cruise,2020-01-29,10:10 PM,1170 Columbus Av,San Francisco,San Francisco,CA,94133,
Cruise LLC,Cruise,2020-01-31,5:47 PM,22 Castro St,San Francisco,San Francisco,CA,94114,
Cruise LLC,Cruise,2020-02-05,8:57 PM,901 Jones St,San Francisco,San Francisco,CA,94109,
Cruise LLC,Cruise,2020-02-09,9:16 PM,Sickles Ave and Mission St,San Francisco,San Francisco,CA,94112,
Cruise LLC,Cruise,2021-02-09,2:41 PM,1011 De Haro St,San Francisco,San Francisco,CA,94107,
Cruise LLC,Cruise,2021-02-25,7:10 PM,700 Blk Baker St,San Francisco,San Francisco,CA,94115,
,Cruise,2023-03-03,04:23 PM,1201 Bryant St,San Francisco,San Francisco,CA,94103,Cruise LLC
Cruise LLC,Cruise,2021-03-09,8:20 PM,274 Fremont St,San Francisco,San Francisco,CA,94105,
Cruise LLC,Cruise,2021-03-12,4:37 PM,198 Duboce Av,San Francisco,San Francisco,CA,94103,
,Cruise,2023-03-21,9:49 PM,1401 Clay Street,San Francisco,San Francisco,CA,94109,Cruise LLC
,Cruise,2023-03-23,2:46 PM,1452 Haight Street,San Francisco,San Francisco,CA,94117,Cruise LLC
Cruise LLC,Cruise,2021-03-27,4:27 PM,199 Parnassus St,San Francisco,San Francisco,CA,94117,
Cruise LLC,Cruise,2021-03-29,4:58 PM,1890 Folsom St,San Francisco,San Francisco,CA,94103,
Cruise LLC,Cruise,2021-03-30,9:23 PM,1855 Folsom Street,San Francisco,San Francisco,CA,94107,
,Cruise,2023-04-09,04:45 PM,499 25th Avenue,San Francisco,San Francisco,CA,94121,Cruise LLC
,Cruise,2023-04-12,8:13 PM,1198 Turk Street,San Francisco,San Francisco,CA,94115,Cruise LLC
,Cruise,2022-04-16,11:21 PM,1460 Pine St,San Francisco,San Francisco,CA,94109,Cruise LLC
,Cruise,2022-04-17,12:13 PM,3289 Mission St,San Francisco,San Francisco,CA,94110,Cruise LLC
Cruise LLC,Cruise,2021-04-21,12:38 PM,1401 15th St,San Francisco,San Francisco,CA,94103,
,Cruise,2023-05-01,2:44 PM,36th Ave and Lincoln Way,San Francisco,San Francisco,CA,94122,Cruise LLC
,Cruise,2023-05-04,9:32 PM,1798 Franklin St,San Francisco,San Francisco,CA,94109,Cruise LLC
Cruise LLC,Cruise,2021-05-17,1:27 PM,1201 Guerrero St,San Francisco,San Francisco,CA,94110,
Cruise LLC,Cruise,2021-05-31,09:37 PM,1418 7th Av,San Francisco,San Francisco,CA,94112,
,Cruise,2022-06-29,10:49 PM,835 Clement Street,San Francisco,San Francisco,CA,94118,Cruise LLC
,Cruise,2021-07-10,06:06 PM,2500 Clement St.,San Francisco,San Francisco,CA,94121,Cruise LLC
,Cruise,2022-07-14,2:57 PM,3597 Mission St,San Francisco,San Francisco,CA,94110,Cruise LLC
,Cruise,2021-07-15,9:38 PM,1500 McAllister St.,San Francisco,San Francisco,CA,94115,Cruise LLC
,Cruise,2022-07-16,10:46 PM,700 Parnassus Ave,San Francisco,San Francisco,CA,94122,Cruise LLC
,Cruise,2022-07-18,01:39 PM,1561 16th Ave,San Francisco,San Francisco,CA,94122,Cruise LLC
,Cruise,2021-07-26,01:15 PM,900 Blk Howard St,San Francisco,San Francisco,CA,94103,Cruise LLC
,Cruise,2021-08-02,12:58 PM,2200 Blk Balboa St,San Francisco,San Francisco,CA,94121,Cruise LLC
,Cruise,2022-08-02,07:04 PM,38 The Embarcadero S,San Francisco,San Francisco,CA,94105,Cruise LLC
Cruise LLC,Cruise,2020-08-04,3:53 PM,2700 San Jose Ave,San Francisco,San Francisco,CA,94112,
Cruise LLC,Cruise,2020-08-09,3:48 PM,Potrero Ave. and 17th St.,San Francisco,San Francisco,CA,94110,
Cruise LLC,Cruise,2020-08-15,10:19 PM,Turk St. and Steiner St.,San Francisco,San Francisco,CA,95115,
,Cruise,2021-08-28,21:05 PM,900 Steiner St,San Francisco,San Francisco,CA,94117,Cruise LLC
,Cruise,2021-08-30,08:40 PM,1096 Fulton St,San Francisco,San Francisco,CA,94117,Cruise LLC
Cruise LLC,Cruise,2020-09-16,09:09 PM,9th St and Folsom St,San Francisco,San Francisco,CA,94103,
,Cruise,2021-10-02,01:56 PM,700 Capp St,San Francisco,San Francisco,CA,94110,Cruise LLC
Cruise LLC,Cruise,2020-10-09,1:08 PM,4960 Mission St,San Francisco,San Francisco,CA,94112,
Cruise LLC,Cruise,2019-10-17,1:05 PM,Hyde St. and Sutter St.,San Francisco,San Francisco,CA,94109,
Cruise LLC,Cruise,2020-10-24,4:40 PM,2398 17 St,San Francisco,San Francisco,CA,94110,
Cruise LLC,Cruise,2020-10-25,4:28 PM,1128 Balboa St,San Francisco,San Francisco,CA,94118,
Cruise LLC,Cruise,2019-10-26,11:05 PM,The Embarcadero and Battery St.,San Francisco,San Francisco,CA,94111,
Cruise LLC,Cruise,2019-10-27,1:50 PM,15 Marina Blvd,San Francisco,San Francisco,CA,94123,
Cruise LLC,Cruise,2019-10-28,2:42 PM,Howard St. and 9th St.,San Francisco,San Francisco,CA,94103,
Cruise LLC,Cruise,2019-10-29,7:52 PM,Beach St. and The Embarcadero,San Francisco,San Francisco,CA,,
Cruise LLC,Cruise,2019-11-07,8:35 PM,King St. between 2nd St. and 3rd St.,San Francisco,San Francisco,CA,,
Cruise LLC,Cruise,2019-11-07,9:10 PM,24th St. and Mission St.,San Francisco,San Francisco,CA,94110,
Cruise LLC,Cruise,2019-11-09,9:59 PM,Howard St. and 11th St.,San Francisco,San Francisco,CA,94103,
Cruise LLC,Cruise,2019-11-10,12:55 PM,1499 Vallejo St.,San Francisco,San Francisco,CA,94109,
,Cruise,2021-11-15,08:44 PM,4485 17th St,San Francisco,San Francisco,CA,94114,Cruise LLC
Cruise LLC,Cruise,2019-11-18,9:45 PM,13th St. and Bryant St.,San Francisco,San Francisco,CA,94103,
Cruise LLC,Cruise,2019-11-25,7:00 PM,California St. and Hyde St.,San Francisco,San Francisco,CA,94109,
Cruise LLC,Cruise,2019-11-29,10:41 PM,Embarcadero St. and Washington St.,San Francisco,San Francisco,CA,94105,
Cruise LLC,Cruise,2019-12-08,9:14 PM,30th Avenue and California Street,San Francisco,San Francisco,CA,94121,
Cruise LLC,Cruise,2019-12-13,7:55 PM,Bryant St. and Delancey St.,San Francisco,San Francisco,CA,94107,
,Cruise,2022-12-14,11:51 PM,1774 Sacramento St,San Francisco,San Francisco,CA,94109,Cruise LLC
,Cruise,2022-12-18,11:23 PM,847 Divisadero St,San Francisco,San Francisco,CA,94117,Cruise LLC
Cruise LLC,Cruise,2019-12-19,10:27 PM,Post St. and Leavenworth St.,San Francisco,San Francisco,CA,94109,
,Cruise,2022-12-21,08:50 PM,410 Brannan St,San Francisco,San Francisco,CA,94107,Cruise LLC
Cruise LLC,Cruise,2019-12-27,4:56 PM,850 Stanyan St.,San Francisco,San Francisco,CA,94117,
,Cruise,2022-06-17,7:53 PM,2502 Leavenworth Street,San Francisco,San Francisco,CA,94133,Cruise LLC
,Cruise,2021-09-25,10:56 PM,3100 3rd St,San Francisco,San Francisco,CA,94124,Cruise LLC
Waymo LLC,Waymo LLC,2020-06-15,01:20 PM,Alma Street at Alma Village Circle,Palo Alto,Santa Clara,CA,94306,
,same,2023-08-14,2:20 PM,900 Villa St.,Mountain View,Santa Clara,CA,94041,Ghost Autonomy Inc.
,Ghost Autonomy Inc.,2022-10-07,11:45 PM,Main Street (East of Navy Way),Alameda,,CA,94501,Ghost Autonomy Inc.
,Ghost Autonomy Inc.,2024-01-11,4:48 PM,HWY 17 Northbound near Hamman Park,San Jose,Santa Clara,CA,95128,Ghost Autonomy Inc.
GM Cruise LLC,Cruise,2019-01-07,06:54 PM,Folsom St. and 11th St.,San Francisco,San Francisco,CA,94103,
GM Cruise LLC,Cruise,2019-01-10,11:29 PM,S. Van Ness Ave between 12th St. and 13th St.,San Francisco,San Francisco,CA,94103,
GM Cruise LLC,Cruise,2019-02-14,5:30 PM,Gough St. and Fell St.,San Francisco,San Francisco,CA,94102,
GM Cruise LLC,Cruise,2019-02-27,6:04 PM,Gough St. and Rose St.,San Francisco,San Francisco,CA,94102,
GM Cruise LLC,Cruise,2019-03-08,1:29 PM,16th St. and Guerrero St.,San Francisco,San Francisco,CA,94103,
GM Cruise LLC,Cruise,2019-03-23,05:28 PM,Eddy St. and Leavenworth St.,San Francisco,San Francisco,CA,94109,
GM Cruise LLC,Cruise,2019-03-24,10:50 PM,11th St. and Folsom St.,San Francisco,San Francisco,CA,94103,
GM Cruise LLC,Cruise,2019-04-03,8:32 PM,Portrero Avenue and Alameda Street,San Francisco,San Francisco,CA,94103,
GM Cruise LLC,Cruise,2019-04-10,10:38 PM,Franklin St. between Olive St and Ellis St.,San Francisco,San Francisco,CA,94109,
GM Cruise LLC,Cruise,2019-04-10,4:52 PM,Lyon St. and California St.,San Francisco,San Francisco,CA,94115,
GM Cruise LLC,Cruise,2019-04-14,4:38 PM,36th Ave between Balboa St. and Anza St.,San Francisco,San Francisco,CA,94121,
GM Cruise LLC,Cruise,2019-04-14,11:45 PM,Mason St. between Yacht Rd. and Javowitz St.,San Francisco,San Francisco,CA,94123,
GM Cruise LLC,Cruise,2019-05-02,11:01 PM,24th St. and Potrero Ave,San Francisco,San Francisco,CA,94110,
GM Cruise LLC,Cruise,2019-05-04,4:39 PM,Larkin St. and McAllister St.,San Francisco,San Francisco,CA,94102,
GM Cruise LLC,Cruise,2019-05-04,10:56 PM,Duboce Ave between Steiner St and Sanchez St,San Francisco,San Francisco,CA,94114,
GM Cruise LLC,Cruise,2019-05-08,08:55 PM,Franklin St. and Bay St.,San Francisco,San Francisco,CA,94123,
GM Cruise LLC,Cruise,2019-05-13,12:32 PM,Filmore St. and Fell St.,San Francisco,San Francisco,CA,94117,
GM Cruise LLC,Cruise,2019-05-18,7:31 PM,Euclid Ave. and Palm Ave.,San Francisco,San Francisco,CA,94118,
GM Cruise LLC,Cruise,2019-05-24,7:36 PM,Geary Blvd between 8th Ave and 9th Ave,San Francisco,San Francisco,CA,94118,
GM Cruise LLC,Cruise,2019-06-08,09:02 PM,Clay St. and Van Ness Ave.,San Francisco,San Francisco,CA,94109,
GM Cruise LLC,Cruise,2019-06-12,12:47 PM,Folsom St between 13th St and 12th St,San Francisco,San Francisco,CA,94103,
GM Cruise LLC,Cruise,2019-06-13,4:47 PM,Divisadero St. and Bush St.,Ssan Francisco,San Francisco,CA,94115,
GM Cruise LLC,Cruise,2019-06-20,9:03 PM,Bush St. and Octavia St.,San Francisco,San Francisco,CA,94109,
GM Cruise LLC,Cruise,2019-06-23,12:03 PM,Divisadero St. and Fell St.,San Francisco,San Francisco,CA,94117,
GM Cruise LLC,Cruise,2019-06-26,12:36 PM,10th Ave and California St.,San Francisco,San Francisco,CA,94118,
GM Cruise LLC,Cruise,2019-06-27,9:50 PM,Bryant St. and 10th St.,San Francisco,San Francisco,CA,94103,
GM Cruise LLC,Cruise,2019-06-29,11:49 PM,Duboce Ave between Guerrero St. and Market St.,San Francisco,San Francisco,CA,94103,
GM Cruise LLC,Cruise,2019-07-01,10:58 PM,Grant St. and Clay St.,San Francisco,San Francisco,CA,94108,
GM Cruise LLC,Cruise,2019-07-02,09:47 PM,Steiner St. and Bush St.,San Francisco,San Francisco,CA,94115,
GM Cruise LLC,Cruise,2019-07-10,9:59 PM,10th St. between Market St. and Mission St.,San Francisco,San Francisco,CA,94102,
GM Cruise LLC,Cruise,2019-07-15,11:02 PM,14th St. and Valencia St.,Ssn Francisco,San Francisco,CA,94103,
GM Cruise LLC,Cruise,2019-07-17,3:02 PM,Fell St. and Fillmore St.,San Francisco,San Francisco,CA,94117,
GM Cruise LLC,Cruise,2019-07-20,08:58 PM,Mission St. between 2nd St. and Shaw Alley,San Francisco,San Francisco,CA,94105,
GM Cruise LLC,Cruise,2019-07-21,6:20 PM,Jackson St between Stockton St and Grant Ave,San Francisco,San Francisco,CA,94133,
GM Cruise LLC,Cruise,2019-07-21,09:01 PM,Market St at Duboce Ave and Church St,San Francisco,San Francisco,CA,94114,
GM Cruise LLC,Cruise,2019-08-04,2:32 PM,Leavenworth St. and Geary St.,San Francisco,San Francisco,CA,94109,
GM Cruise LLC,Cruise,2019-08-07,10:23 PM,24th St. between Noe St. and Sanchez St.,San Francisco,San Francisco,CA,94114,
GM Cruise LLC,Cruise,2019-08-10,11:39 PM,14th St. and Noe St.,San Francisco,San Francisco,CA,94114,
GM Cruise LLC,Cruise,2019-08-22,1:13 PM,Geary Blvd between 33rd Ave and 32nd Ave,San Francisco,San Francisco,CA,94121,
GM Cruise LLC,Cruise,2019-08-26,9:14 PM,Division St. between Potrero Ave. and Bryant St.,San Francisco,San Francisco,CA,94103,
GM Cruise LLC,Cruise,2019-09-05,5:33 PM,Haight St. and Gough St.,San Francisco,San Francisco,CA,94102,
GM Cruise LLC,Cruise,2019-09-09,4:24 PM,Geary Blvd and Palm Ave.,San Francisco,San Francisco,CA,94118,
GM Cruise LLC,Cruise,2019-09-27,11:49 PM,Clay St. and Kearny St.,San Francisco,San Francisco,CA,94108,
GM Cruise LLC,Cruise,2019-10-03,4:40 PM,10th St. and Bryant St.,San Francisco,San Francisco,CA,94103,
Cruise LLC,Cruise,2019-10-12,1:23 PM,Spear St. between Howard St. and Folsom St.,San Francisco,San Francisco,CA,94105,
"Lyft, Inc.","Lyft, Inc.",2019-02-28,2:06 PM,Northbound Shoreline Boulevard and Wright Ave,Mountain View,Santa Clara,CA,94043,
"Lyft, Inc.","Lyft, Inc.",,8:24 PM,Alma Road approaching Charleston Road,Palo Alto,Santa Clara,CA,94306,
"Lyft, Inc.","Lyft, Inc.",2019-03-12,4:05 PM,739 Pettis Avenue,Mountain View,Santa Clara,CA,94041,
"Lyft, Inc.","Lyft, Inc.",2019-04-11,11:31 PM,Natoma Street and 6th Street,San Francisco,San Francisco,CA,94103,
"Lyft, Inc.","Lyft, Inc.",2019-05-02,3:50 PM,NB on San Antonio Rd.,Palo Alto,Santa Clara,CA,94306,
"Lyft, Inc","Lyft, Inc",,2:04 PM,Medical Foundation Dr and El Camino Blvd.,Palo Alto,Santa Clara,CA,94301,
LYFT INC,LYFT INC,2020-12-02,3:05 PM,EMBARCADERO & FERRY PLAZA,SAN FRANCISCO,SAN FRANCISCO,CA,94107,
Lyft Inc.,Lyft Inc.,2021-04-14,09:38 PM,HARRISON & 1 ST,SAN FRANCISCO,SAN FRANCISCO,CA,94107,
,"MERCEDES-BENZ RESEARCH & DEVELOPMENT NORTH AMERICA, INC.",2023-05-30,4:30 PM,EB Condensa Street,Santa Clara,Santa Clara,CA,95051,"MERCEDES-BENZ RESEARCH & DEVELOPMENT NORTH AMERICA, INC."
,"MERCEDES-BENZ RESEARCH & DEVELOPMENT NORTH AMERICA, INC.",2023-06-01,10:53 PM,710N NEAR 91E INTERCHANGE,LONG BEACH,LOS ANGELES,CA,90805,"MERCEDES-BENZ RESEARCH & DEVELOPMENT NORTH AMERICA, INC."
,"MERCEDES-BENZ RESEARCH & DEVELOPMENT NORTH AMERICA, INC.",2023-04-26,3:00 PM,San Thomas Expressway & Central Expressway,SANTA CLARA,SANTA CLARA,CA,95051,"MERCEDES-BENZ RESESARCH & DEVELOPMENT NORTH AMERICA, INC."
,"Mercedes-Benz Research & Development North America, Inc.",,6:05 PM,105W to 405S interchange,Los Angeles,Los Angeles,CA,90250,"Mercedes-Benz Research & Development North America, Inc."
,"MERCEDES-BENZ RESEARCH & DEVELOPMENT NORTH AMERICA, INC.",2023-11-29,5:00 PM,"405S, BELLFLOWER EXIT",LONG BEACH,LOS ANGELES,CA,90810,"MERCEDES-BENZ RESEARCH & DEVELOPMENT NORTH AMERICA, INC."
,"Mercedes-Benz Research & Development North America, Inc.",2022-05-19,3:05 PM,710 S Fwy and Atlantic Blvd,Commerce,Los Angeles,CA,90040,"Mercedes-Benz Research & Development North America, Inc."
,"MERCEDES-BENZ RESEARCH & DEVELOPMENT NORTH AMERICA, INC.",2023-02-02,8:25 PM,605N HWY,SANTA FE SPRINGS,LOS ANGELES,CA,90650,"MERCEDES-BENZ RESEARCH & DEVELOPMENT NORTH AMERICA, INC."
,"MERCEDES-BENZ RESEARCH & DEVELOPMENT NORTH AMERICA, INC.",2023-02-09,3:10 PM,405FWY SOUTH,GARDENA,LOS ANGELES,CA,90248,"MERCEDES-BENZ RESEARCH & DEVELOPMENT NORTH AMERICA, INC."
,"MERCEDES-BENZ RESEARCH & DEVELOPMENT NORTH AMERICA, INC.",,5:20 PM,Highway 280 @ Bird Avenue,San Jose,Santa Clara,CA,95126,"MERCEDES-BENZ RESEARCH & DEVELOPMENT NORTH AMERICA, INC."
,"MERCEDES-BENZ RESEARCH & DEVELOPMENT NORTH AMERICA, INC.",2022-11-19,10:45 PM,2895 Codensa Street,Santa Clara,Santa Clara,CA,95051,"MERCEDES-BENZ RESEARCH & DEVELOPMENT NORTH AMERICA, INC."
,MOTIONAL AD INC.,2022-05-17,4:20 PM,4TH AV B/W BROOKS CT & BROADWAY ST,VENICE,LOS ANGELES,CA,90291,MOTIONAL
,Nuro Inc,2024-01-12,2:30 PM,Cross street: Terra Bella and Shoreline,Mountain View,Santa Clara,CA,94043,Nuro Inc
,Nuro Inc,2024-03-12,8:20 PM,Intersection of Thompson Ave. and Alvin Street,Mountain View,Santa Clara,CA,94043,Nuro Inc
,Nuro Inc,2023-07-24,4:30 PM,Monecito and Shoreline,Mountain View,Santa Clara,CA,94043,Nuro Inc
,Nuro Inc,2023-11-27,6:00 PM,1228 S Myrtle Ave,Inglewood,,CA,90301,Nuro Inc
,Nuro Inc,2024-01-31,4:20 PM,Intersection of Boyce Ave and Fife Ave,Palo Alto,Santa Clara,CA,94301,Nuro Inc
,Pony.ai,2022-03-28,11:30 PM,Tustin Ranch Rd traveling eastbound,Tustin,Orange,CA,92606,"Pony.ai, Inc."
,Pony.ai,2023-06-05,11:39 PM,Warren Ave & Kato Rd,Fremont,Alameda,CA,94538,"Pony.ai, Inc."
,Pony.ai,2023-09-15,5:02 PM,Interstate 880; near exit 10,Milpitas,Alameda,CA,95035,"Pony.ai, Inc."
,Pony.ai,2022-04-11,9:00 PM,301 Ranch Dr,Milpitas,Santa Clara,CA,95035,"Pony.ai, Inc."
,Pony.ai,2022-05-17,3:00 PM,30407 Arroyo Dr,Irvine,Orange,CA,92617,"Pony.ai, Inc."
,Pony.ai,2021-10-28,10:50 PM,Southbound on Fremont Blvd past Cushing Pkwy,Fremont,Alameda,CA,94538,"Pony.ai, Inc."
"Pony.ai, Inc.",Pony.ai,2021-02-11,9:00 PM,Milmont Dr. / Dixon Landing Rd.,Milpitas,Santa Clara,CA,95035,
"Pony.ai, Inc.",Pony.ai,2020-12-19,12:46 PM,Intersection of Jamboree Rd and MacArthur Blvd,Irvine,,CA,92660,
"Pony.AI, Inc.","Pony.AI, Inc.",,2:26 PM,Pine Street at Cameron Hills Drive,Fremont,Alameda,CA,94539,
"Pony.AI, Inc","Pony.AI, Inc",2019-07-12,05:00 PM,California Cir & Dixon Landing Rd,Milpitas,Alameda,CA,95035,
"Pony.ai, Inc.",Pony.ai,2020-05-30,10:19 PM,Corner of Harvard and Barranca,Irvine,Orange County,CA,92606,
Zoox Inc,Zoox Inc,2020-07-14,1:50 PM,Vallejo Street and Davis Street,San Francisco,San Francisco,CA,94111,
,Waymo LLC,2024-01-08,12:05 PM,Manhattan Place at West Adams Boulevard,Los Angeles,Los Angeles,CA,90018,Waymo LLC
,Waymo LLC,2024-02-05,10:01 PM,Watt Way and West Exposition Boulevard,Los Angeles,Los Angeles,CA,90089,Waymo LLC
,Waymo LLC,2024-02-18,1:03 PM,The Embarcadero at Washington Street,San Francisco,San Francisco,CA,94111,Waymo LLC
,Waymo LLC,2024-03-02,8:15 PM,Odd Fellows Way and 7th Street,San Francisco,San Francisco,CA,94103,Waymo LLC
,Waymo LLC,2024-03-03,3:12 PM,,,,,,Waymo LLC
,Waymo LLC,2024-03-08,12:06 PM,S Figueroa Street at Venice Boulevard,Los Angeles,Los Angeles,CA,90015,Waymo LLC
,Waymo LLC,2024-03-14,2:42 PM,S Figueroa Street at 7th Street,Los Angeles,Los Angeles,CA,90017,Waymo LLC
,Waymo LLC,2023-04-03,10:56 PM,Jack London Alley at Varney Place,San Francisco,San Francisco,CA,94107,Waymo LLC
,Waymo LLC,2023-04-05,10:46 PM,Potrero Avenue at 21st Street,San Francisco,San Francisco,CA,94110,Waymo LLC
,Waymo LLC,2023-04-06,10:48 PM,Randall Street near Harper Street,San Francisco,San Francisco,CA,94110,Waymo LLC
,Waymo LLC,2023-04-28,5:29 PM,25th St & Sanchez St,San Francisco,San Francisco,CA,94114,Waymo LLC
,Waymo LLC,2023-05-06,8:48 PM,Post Street at Webster Street,San Francisco,San Francisco,CA,94115,Waymo LLC
,Waymo LLC,2023-05-07,3:29 PM,Bay Street near Mason Street,San Francisco,San Francisco,CA,94133,Waymo LLC
,Waymo LLC,2023-05-21,10:56 PM,Toland Street at Toland Place,San Francisco,San Francisco,CA,94124,Waymo LLC
,Waymo LLC,2023-06-05,12:53 PM,3911 3rd Street,San Francisco,San Francisco,CA,94124,Waymo LLC
,Waymo LLC,2023-06-09,2:47 PM,Fell Street at Laguna Street,San Francisco,San Francisco,CA,94102,Waymo LLC
,Waymo LLC,2023-06-11,3:44 PM,Santiago Street near 42nd Avenue,San Francisco,San Francisco,CA,94116,Waymo LLC
,Waymo LLC,2023-06-28,9:19 PM,Great Highway near Kirkham Street,San Francisco,San Francisco,CA,94122,Waymo LLC
,Waymo LLC,2023-06-29,7:50 PM,Jersey Street at Church Street,San Francisco,San Francisco,CA,94114,Waymo LLC
,Waymo LLC,2023-06-29,11:18 PM,4th Street at S. June Street,Los Angeles,Los Angeles,CA,90020,Waymo LLC
,Waymo LLC,2023-07-03,1:13 PM,Hampshire Street at 21st Street,San Francisco,San Francisco,CA,94110,Waymo LLC
,Waymo LLC,2023-07-08,3:08 PM,S Alameda Street and 6th Street,Los Angeles,Los Angeles,CA,90021,Waymo LLC
,Waymo LLC,2023-07-11,10:13 PM,Martin Ave at Mullin Ave,San Francisco,San Francisco,CA,94110,Waymo LLC
,Waymo LLC,2023-07-21,9:51 PM,Leavenworth Street at Golden Gate Avenue,San Francisco,San Francisco,CA,94102,Waymo LLC
,Waymo LLC,2023-07-22,11:11 PM,13th Street east of Folsom Street,San Francisco,San Francisco,CA,94103,Waymo LLC
,Waymo LLC,,03:04 PM,Harrison Street at 2nd Street,San Francisco,San Francisco,CA,94107,Waymo LLC
,Waymo LLC,2023-07-29,2:57 PM,Colorado Avenue near Ocean Avenue,Santa Monica,Los Angeles,CA,90401,Waymo LLC
,Waymo LLC,2023-08-02,10:09 PM,Bush Street at Polk Street,San Francisco,San Francisco,CA,94109,Waymo LLC
,Waymo LLC,2023-08-11,7:38 PM,North Curson Avenue at Waring Avenue,Los Angeles,Los Angeles,CA,90046,Waymo LLC
,Waymo LLC,2023-08-13,9:01 PM,Howard Street at Fourth Street,San Francisco,San Francisco,CA,94103,Waymo LLC
,Waymo LLC,2023-08-19,4:45 PM,13th Street at Mission Street,San Francisco,San Francisco,CA,94103,Waymo LLC
,Waymo LLC,2023-08-20,5:48 PM,Martin Luther King Jr. Drive at Crossover Drive,San Francisco,San Francisco,CA,94122,Waymo LLC
,Waymo LLC,2023-08-23,9:54 PM,Mason Street at Vandewater Street,San Francisco,San Francisco,CA,94133,Waymo LLC
,Waymo LLC,2023-08-24,4:39 PM,Michigan Avenue at Euclid Street,Santa Monica,Los Angeles,CA,90404,Waymo LLC
,Waymo LLC,2023-09-03,12:25 PM,East 8th Street and South Main Street,Los Angeles,Los Angeles,CA,90014,Waymo LLC
,Waymo LLC,2023-09-11,8:34 PM,Sansome Street near Vallejo Street,San Francisco,San Francisco,CA,94133,Waymo LLC
,Waymo LLC,2023-09-30,9:00 PM,US-101 Exit 429B at Bayshore Blvd,San Francisco,San Francisco,CA,94124,Waymo LLC
,Waymo LLC,2023-10-17,9:24 PM,Market Street at Gough Street,San Francisco,San Francisco,CA,94103,Waymo LLC
,Waymo LLC,2023-10-26,7:48 PM,13th Street near Bernice Street,San Francisco,San Francisco,CA,94103,Waymo LLC
,Waymo LLC,2023-11-03,3:44 PM,3rd Street at Stevenson Street,San Francisco,San Francisco,CA,94103,Waymo LLC
,Waymo LLC,2023-11-22,7:59 PM,West 7th Street at South Park View Street,Los Angeles,Los Angeles,CA,90057,Waymo LLC
,Waymo LLC,2022-01-01,2:04 PM,Marin Street at Kansas Street,San Francisco,San Francisco,CA,94124,Waymo LLC
,Waymo LLC,2022-01-03,9:00 PM,100 Block of Bayshore Blvd,San Francisco,San Francisco,CA,94124,Waymo LLC
,Waymo LLC,2022-01-06,9:25 PM,Divisadero Street and Geary Boulevard,San Francisco,San Francisco,CA,94115,Waymo LLC
,Waymo LLC,2022-01-18,5:20 PM,14 Street and S Van Ness Avenue,San Francisco,San Francisco,CA,94103,Waymo LLC
,Waymo LLC,2022-01-20,2:24 PM,Polk Street at Sacramento Street,San Francisco,San Francisco,CA,94109,Waymo LLC
,Waymo LLC,2022-01-20,8:36 PM,Sunset Boulevard and Judah Street,San Francisco,San Francisco,CA,94122,Waymo LLC
,Waymo LLC,2022-01-22,2:11 PM,Folsom Street and 23rd Street,San Francisco,San Francisco,CA,94110,Waymo LLC
,Waymo LLC,2023-01-22,5:08 PM,Bayshore Boulevard at Jerrold Avenue,San Francisco,San Francisco,CA,94124,Waymo LLC
,Waymo LLC,2022-01-28,8:40 PM,Noriega Street at 25th Avenue,San Francisco,San Francisco,CA,94122,Waymo LLC
,Waymo LLC,2022-01-28,6:30 PM,Franklin Street at Golden Gate Avenue,San Francisco,San Francisco,CA,94102,Waymo LLC
,Waymo LLC,2022-02-01,8:44 PM,Clipper Street and Noe Street,San Francisco,San Francisco,CA,94114,Waymo LLC
,Waymo LLC,2022-02-04,11:00 PM,2nd Avenue and Fulton Street,San Francisco,San Francisco,CA,94118,Waymo LLC
,Waymo LLC,2022-02-06,1:53 PM,Pine Street at Fillmore Street,San Francisco,San Francisco,CA,94115,Waymo LLC
,Waymo LLC,2022-02-08,8:56 PM,Harrison Street and 9th Street,San Francisco,San Francisco,CA,94103,Waymo LLC
,Waymo LLC,2022-02-09,3:05 PM,Coral Road at Wisconsin Street,San Francisco,San Francisco,CA,94107,Waymo LLC
,Waymo LLC,2022-02-09,5:46 PM,Parker Avenue at McAllister Street,San Francisco,San Francisco,CA,94118,Waymo LLC
,Waymo LLC,2022-02-10,8:00 PM,Broadway at Montgomery Street,San Francisco,San Francisco,,94133,Waymo LLC
,Waymo LLC,2022-02-11,2:07 PM,Mission Street and Silver Avenue,San Francisco,San Francisco,CA,94112,Waymo LLC
,Waymo LLC,2022-02-11,5:36 PM,Market Street and Valencia Street,San Francisco,San Francisco,CA,94103,Waymo LLC
,Waymo LLC,2022-02-14,3:02 PM,Kansas Street at 16th Street,San Francisco,San Francisco,CA,94103,Waymo LLC
,Waymo LLC,2022-02-19,7:45 PM,100 Block of Bayshore Avenue,San Francisco,San Francisco,CA,94124,Waymo LLC
,Waymo LLC,2022-02-28,12:49 PM,Cesar Chavez and Mission Street,San Francisco,San Francisco,CA,94110,Waymo LLC
,Waymo LLC,2022-02-28,1:00 PM,Polk Street and Jackson Street,San Francisco,San Francisco,CA,94109,Waymo LLC
Waymo LLC,Waymo LLC,2021-03-05,08:40 PM,Oakdale Avenue at Industrial Street,San Francisco,San Francisco,CA,94124,
,Waymo LLC,2022-03-06,06:00 PM,Oak Street at Divisadero Street,San Francisco,San Francisco,CA,94117,Waymo LLC
,Waymo LLC,2022-03-07,07:35 PM,Avila Street at Casa Way and Marina Boulevard,San Francisco,San Francisco,CA,94123,Waymo LLC
,Waymo LLC,2022-03-09,12:22 PM,Irving Street at 25th Avenue,San Francisco,San Francisco,CA,94122,Waymo LLC
,Waymo LLC,2022-03-11,10:15 PM,123 Vicente St,San Francisco,San Francisco,CA,94127,Waymo LLC
,Waymo LLC,2023-03-12,9:28 PM,Cesar Chavez Street at Mission Street,San Francisco,San Francisco,CA,94110,Waymo LLC
,Waymo LLC,2023-03-16,02:19 PM,"Exit Ramp 43A, Interstate 280",San Bruno,San Mateo,CA,94066,Waymo LLC
,Waymo LLC,2023-03-16,5:10 PM,367 Bayshore Boulevard,San Francisco,San Francisco,CA,94124,Waymo LLC
,Waymo LLC,2022-03-26,1:16 PM,Oakdale Avenue and Toland Street,San Francisco,San Francisco,CA,94124,Waymo LLC
,Waymo LLC,2022-03-31,11:07 PM,1000 block of Potrero Avenue,San Francisco,San Francisco,CA,94110,Waymo LLC
,Waymo LLC,2022-04-01,2:27 PM,19th Avenue and Lincoln Way,San Francisco,San Francisco,CA,94122,Waymo LLC
,Waymo LLC,2022-04-05,7:55 PM,Quintara Street and 20th Avenue,San Francisco,San Francisco,CA,94116,Waymo LLC
,Waymo LLC,2022-04-08,12:31 PM,Pine Street and Polk Street,San Francisco,San Francisco,CA,94109,Waymo LLC
,Waymo LLC,2022-04-11,10:36 PM,Townsend St and Embarcadero,San Francisco,San Francisco,CA,94107,Waymo LLC
,Waymo LLC,2022-04-13,2:53 PM,Jerrold Avenue at Bayshore Blvd,San Francisco,San Francisco,CA,94124,Waymo LLC
,Waymo LLC,2022-04-24,4:36 PM,Lincoln Way at 17th Avenue,San Francsico,San Francisco,CA,94122,Waymo LLC
,Waymo LLC,2022-04-26,1:19 PM,Folsom Street at Mabini Street,San Francisco,San Francisco,CA,94103,Waymo LLC
,Waymo LLC,2022-04-29,6:37 PM,Sacramento Street at Polk Street,San Francisco,San Francisco,CA,94109,Waymo LLC
,Waymo LLC,2022-04-30,08:40 PM,24th Street and Guerrero Street,San Francisco,San Francisco,CA,94110,Waymo LLC
,Waymo LLC,2022-05-04,1:26 PM,175 Bayshore Boulevard,San Francisco,San Francisco,CA,94124,Waymo LLC
,Waymo LLC,2022-05-11,9:19 PM,24th Street and Capp Street,San Francisco,San Francisco,CA,94110,Waymo LLC
,Waymo LLC,2022-05-17,1:26 PM,Stanyan Street and McAllister Street,San Francisco,San Francisco,CA,94118,Waymo LLC
,Waymo LLC,2022-05-21,10:03 PM,Coleridge Street at Coso Avenue,San Francisco,San Francisco,CA,94110,Waymo LLC
,Waymo LLC,2022-05-27,1:16 PM,Bush Street at Stockton Street,San Francisco,San Francisco,CA,94108,Waymo LLC
,Waymo LLC,2022-06-01,7:26 PM,McAllister Street and Franklin Street,San Francisco,San Francisco,CA,94102,Waymo LLC
,Waymo LLC,2022-06-05,10:07 PM,Bush Street and Gough Street,San Francisco,San Francisco,CA,94109,Waymo LLC
,Waymo LLC,2022-07-02,6:54 PM,Embarcadero at Broadway,San Francisco,San Francisco,CA,94111,Waymo LLC
,Waymo LLC,2022-07-02,11:23 PM,Bayshore Boulevard at Jerrold Avenue,San Francisco,San Francisco,CA,94124,Waymo LLC
,Waymo LLC,2022-07-03,2:50 PM,19th Street at Valencia Street,San Francisco,San Francisco,CA,94110,Waymo LLC
,Waymo LLC,2022-07-05,3:26 PM,17th Street at Wisconsin Street,San Francisco,San Francisco,CA,94107,Waymo LLC
,Waymo LLC,2021-08-13,8:04 PM,Oakdale Avenue and Toland Street,San Francisco,San Francisco,CA,94124,Waymo LLC
,Waymo LLC,2022-08-25,6:05 PM,15th Street at Albion Street,San Francisco,San Francisco,CA,94103,Waymo LLC
,Waymo LLC,2021-08-31,7:30 PM,25th Street at York Street,San Francisco,San Francisco,CA,94110,Waymo LLC
,Waymo LLC,2021-08-31,5:43 PM,Cook Street and Geary Street,San Francisco,San Francisco,CA,94118,Waymo LLC
,Waymo LLC,2021-09-02,1:56 PM,8th Avenue at Lake Street,San Francisco,San Francisco,CA,94118,Waymo LLC
,Waymo LLC,2022-09-10,12:57 PM,2121 Evans Avenue,San Francisco,San Francisco,CA,94124,Waymo LLC
,Waymo LLC,2022-09-15,9:42 PM,California Street at 19th Avenue,San Francisco,San Francisco,CA,94121,Waymo LLC
,Waymo LLC,2021-09-16,5:14 PM,Industrial Street and Palou Avenue,San Francisco,San Francisco,CA,94124,Waymo LLC
,Waymo LLC,2021-09-17,12:30 PM,York Street and Cesar Chavez,San Francisco,San Francisco,CA,94110,Waymo LLC
,Waymo LLC,2021-09-17,11:39 PM,444 Washington Street,San Francisco,San Francisco,CA,94111,Waymo LLC
,Waymo LLC,2022-09-17,6:38 PM,Potrero Avenue and 24th Street,San Francisco,San Francisco,CA,94110,Waymo LLC
,Waymo LLC,2021-10-07,11:12 PM,Mission St and Highland Ave,San Francisco,San Francisco,CA,94110,Waymo LLC
,Waymo LLC,2021-10-08,8:39 PM,301 Ellsworth Street,San Francisco,San Francisco,CA,94110,Waymo LLC
,Waymo LLC,2021-10-08,6:39 PM,4423 Mission Street,San Francisco,San Francisco,CA,94112,Waymo LLC
,Waymo LLC,2021-10-18,12:57 PM,Cesar Chavez and Evans Avenue,San Francisco,San Francisco,CA,94124,Waymo LLC
,Waymo LLC,2021-10-19,12:33 PM,California Street and Jordan Avenue,San Francisco,San Francisco,CA,94118,Waymo LLC
,Waymo LLC,2022-10-21,1:55 PM,Larkin Street and O'Farrell Street,San Francisco,San Francisco,CA,94109,Waymo LLC
,Waymo LLC,2022-10-21,8:27 PM,Filbert Street at Kearny Street,San Francisco,San Francisco,CA,94133,Waymo LLC
,Waymo LLC,2021-10-27,3:54 PM,Bayshore Blvd and Flower Street,San Francisco,San Francisco,CA,94124,Waymo LLC
,Waymo LLC,2021-10-28,9:35 PM,Silver Avenue and Bayshore Blvd.,San Francisco,San Francisco,CA,94124,Waymo LLC
,Waymo LLC,2022-11-03,4:30 PM,101 Villa Terrace,San Francisco,San Francisco,CA,94114,Waymo LLC
,Waymo LLC,2021-11-04,6:41:00 PM,Green Street at Icehouse Alley,San Francisco,San Francisco,CA,94111,Waymo LLC
,Waymo LLC,2021-11-06,1:50:00 PM,Waller St at Alpine Terrace,San Francisco,San Francisco,CA,94117,Waymo LLC
,Waymo LLC,2021-11-06,4:28 PM,Powell Street and Pacific Avenue,San Francisco,San Francisco,CA,94133,Waymo LLC
,Waymo LLC,2022-11-08,09:34 PM,2nd Street at Minna Street,San Francisco,San Francisco,CA,94105,Waymo LLC
,Waymo LLC,2021-11-12,1:23 PM,Divisadero Street and Golden Gate Avenue,San Francisco,San Francisco,CA,94115,Waymo LLC
,Waymo LLC,2021-11-15,2:20 PM,40th Ave and Noriega Street,San Francisco,San Francisco,CA,94122,Waymo LLC
,Waymo LLC,2021-11-20,11:11 PM,Steiner Street and Post Street,San Francisco,San Francisco,CA,94115,Waymo LLC
,Waymo LLC,2021-11-25,01:31 PM,32nd Avenue and Taraval Street,San Francisco,San Francisco,CA,94116,Waymo LLC
,Waymo LLC,2021-11-26,8:02:00 PM,"Scotia Ave, Thornton Ave, and Bridgeview Dr",San Francisco,San Francisco,CA,94124,Waymo LLC
,Waymo LLC,2021-11-28,6:08:00 PM,Clay Street and Franklin Street,San Francisco,San Francisco,CA,94109,Waymo LLC
,Waymo LLC,2021-11-30,12:21 PM,10 block of Castro Street,San Francisco,San Francisco,CA,94117,Waymo LLC
,Waymo LLC,2022-12-01,7:57 PM,Franklin Street at O'Farrell Street,San Francisco,San Francisco,CA,94109,Waymo LLC
,Waymo LLC,2021-12-03,12:23 PM,16th Street at Market and Noe Street,San Francisco,San Francisco,CA,94114,Waymo LLC
,Waymo LLC,2021-12-04,4:10 PM,19th Avenue and Winston Drive,San Francisco,San Francisco,CA,94132,Waymo LLC
,Waymo LLC,2021-12-07,10:47 PM,Oak Street & Stanyan Street,San Francisco,San Francisco,CA,94117,Waymo LLC
,Waymo LLC,2021-12-11,2:28 PM,1900 Noriega Street,San Francisco,San Francisco,CA,94122,Waymo LLC
,Waymo LLC,2022-12-12,4:54 PM,Monterey Blvd and Acadia Street,San Francisco,San Francisco,CA,94131,Waymo LLC
,Waymo LLC,2022-12-13,12:35 PM,19th Avenue and Ulloa Street,San Francisco,San Francisco,CA,94116,Waymo LLC
,Waymo LLC,2022-12-13,10:11 PM,Broadway at Kearny Street,San Francisco,San Francisco,CA,94133,Waymo LLC
,Waymo LLC,2022-12-29,3:15 PM,3rd Street at Mariposa Street,San Francisco,San Francisco,CA,94158,Waymo LLC
Waymo LLC,Waymo LLC,2020-09-05,12:21 PM,Clement Street at 12th Avenue,San Francisco,San Francisco,CA,94118,
Waymo LLC,Waymo LLC,2020-01-07,10:05 PM,Nita Avenue and San Antonio Road,Palo Alto,Santa Clara,CA,94306,
Waymo LLC,Waymo LLC,2021-01-13,3:15 PM,26th Street at Bartlett Street,San Francisco,San Francisco,CA,94110,
Waymo LLC,Waymo LLC,2021-01-22,10:54 PM,Precita Avenue at Cesar Chavez,San Francisco,San Francisco,CA,94110,
Waymo LLC,Waymo LLC,2019-01-26,3:24 PM,Shoreline Blvd. at El Camino Real,Mountain View,Santa Clara,CA,94041,
Waymo LLC,Waymo LLC,2020-01-28,11:30 PM,Oro Way at Space Park Way,Mountain View,Santa Clara,CA,94043,
,Waymo LLC,2024-01-31,5:15 PM,Potrero Avenue near 22nd Street,San Francisco,San Francisco,CA,94110,Waymo LLC
Waymo LLC,Waymo LLC,2019-02-06,9:08 PM,Central Expressway and Shoreline Boulevard,Mountain View,Santa Clara,CA,94043,
Waymo LLC,Waymo LLC,2019-02-10,4:14 PM,SB Highway 85 at El Camino Real,Mountain View,Santa Clara,CA,94040,
Waymo LLC,Waymo LLC,2020-02-12,04:53 PM,2042 Midvale Ave.,Los Angeles,Los Angeles,CA,90025,
Waymo LLC,Waymo LLC,2020-02-14,05:52 PM,Park Drive at Miramonte Avenue,Mountain View,Santa Clara,CA,94040,
,Waymo LLC,2023-02-15,5:44 PM,North Point Street at Buchanan Street,San Francisco,San Francisco,CA,94123,Waymo LLC
Waymo LLC,Waymo LLC,2021-02-16,05:50 PM,16th Street at Market Street,San Francisco,San Francisco,CA,94114,
Waymo LLC,Waymo LLC,2021-02-17,12:00 PM,Shrader Street at Haight Street,San Francisco,San Francisco,CA,94117,
,Waymo LLC,2023-02-24,12:15 PM,Toland Street at Hudson Avenue,San Francisco,San Francisco,CA,94124,Waymo LLC
Waymo LLC,Waymo LLC,2021-02-25,04:06 PM,3770 24th St.,San Francisco,San Francisco,CA,94114,
Waymo LLC,Waymo LLC,2021-02-25,09:45 PM,618 Spruce St.,San Francisco,San Francisco,CA,94118,
,Waymo LLC,2023-02-25,7:23 PM,Noe Street at 25th Street,San Francisco,San Francisco,CA,94114,Waymo LLC
,Waymo LLC,2023-02-25,9:45 PM,350 Pacific Ave,San Francisco,San Francisco,CA,94111,Waymo LLC
Waymo LLC,Waymo LLC,2019-02-26,6:56 PM,Miramonte Avenue at Covington Road,Los Altos,Santa Clara,CA,94024,
Waymo LLC,Waymo LLC,2020-02-26,12:45 PM,Central Expressway and Shoreline Boulevard,Mountain View,Santa Clara,CA,94043,
,Waymo LLC,2023-03-01,08:27 PM,8077 O'Farrell Street,San Francisco,San Francisco,CA,94118,Waymo LLC
Waymo LLC,Waymo LLC,2020-03-10,7:57 PM,Whisman Station Drive at Central Expressway,Mountain View,Santa Clara,CA,94043,
Waymo LLC,Waymo LLC,2021-03-19,11:40 PM,Church Street at 21st Street,San Francisco,San Francisco,CA,94114,
,Waymo LLC,2023-03-20,10:43 PM,Venice Boulevard and La Cienega,Los Angeles,Los Angeles,CA,90034,Waymo LLC
,Waymo LLC,2023-03-20,8:04 PM,Bayshore Boulevard near Jerrold Avenue,San Francisco,San Francisco,CA,94124,Waymo LLC
Waymo LLC,Waymo LLC,2021-03-24,07:45 PM,Lomita Avenue at Aloha Avenue,San Francisco,San Francisco,CA,94122,
Waymo LLC,Waymo LLC,2019-03-26,9:09 PM,E. Charleston Road and San Antonio Road,Palo Alto,Santa Clara,CA,94303,
Waymo LLC,Waymo LLC,2021-03-30,08:20 PM,Filbert Street at Scott Street,San Francisco,San Francisco,CA,94123,
Waymo LLC,Waymo LLC,2021-03-31,10:33 PM,9th Street at Howard Street,San Francisco,San Francisco,CA,94103,
Waymo LLC,Waymo LLC,2021-04-04,08:50 PM,Jones Street at Clay Street,San Francisco,San Francisco,CA,94109,
,Waymo LLC,2023-04-12,05:29 PM,Wilshire Boulevard at 26th Street,Santa Monica,Los Angeles,CA,90403,Waymo LLC
Waymo LLC,Waymo LLC,2021-04-17,04:03 PM,Harrison Street at Hawthorne Street,San Francisco,San Francisco,CA,94107,
Waymo LLC,Waymo LLC,2021-04-18,04:00 PM,Park Presidio Bypass approaching Crossover Drive,San Francisco,San Francisco,CA,94121,
,Waymo LLC,2022-04-18,2:31 PM,200 block of Duboce Avenue,San Francisco,San Francisco,CA,94103,Waymo LLC
,Waymo LLC,2022-04-18,8:14 PM,5th Street and Bryant Street,San Francisco,San Francisco,CA,94107,Waymo LLC
,Waymo LLC,2023-04-30,01:53 PM,Oak Street at Octavia Boulevard,San Francisco,San Francisco,CA,94102,Waymo LLC
,Waymo LLC,2023-05-03,10:32 PM,Pine Street near Broderick Street,San Francisco,San Francisco,CA,94115,Waymo LLC
Waymo LLC,Waymo LLC,2019-05-15,6:08 PM,Shoreline Blvd. at El Camino Real,Mountain View,Santa Clara,CA,94041,
Waymo LLC,Waymo LLC,2019-05-22,5:23 PM,Whisman Station Drive at S. Whisman Road,Mountain View,Santa Clara,CA,94043,
Waymo LLC,Waymo LLC,2019-05-29,4:07 PM,San Antonio Road at Charleston Road,Palo Alto,Santa Clara,CA,94303,
Waymo LLC,Waymo LLC,2021-06-02,9:00 PM,Eugenia Avenue at Elsie Street,San Francisco,San Francisco,CA,94110,
Waymo LLC,Waymo LLC,2021-06-02,09:10 PM,Buchanan Street and Vallejo Street,San Francisco,San Francisco,CA,94123,
Waymo LLC,Waymo LLC,2021-06-03,05:52 PM,Laguna Street at Vallejo Street,San Francisco,San Francisco,CA,94123,
Waymo LLC,Waymo LLC,2021-06-04,01:18 PM,Jones Street at Ellis Street,San Francisco,San Francisco,CA,94102,
Waymo LLC,Waymo LLC,2021-06-11,07:07 PM,Euclid Avenue at Collins Street,San Francisco,San Francisco,CA,94118,
Waymo LLC,Waymo LLC,2019-06-16,11:30 PM,Alma Street at Oregon Expressway,Palo Alto,Santa Clara,CA,94301,
Waymo LLC,Waymo LLC,2021-06-16,05:48 PM,McAllister Street and Larkin Street,San Francisco,San Francisco,CA,94102,
,Waymo LLC,2021-06-25,9:50 PM,Brannan Street at Division Street,San Francisco,San Francisco,CA,94103,Waymo LLC
,Waymo LLC,2021-06-26,12:35 PM,3023 21st Street,San Francisco,San Francisco,CA,94110,Waymo LLC
,Waymo LLC,2022-07-01,10:08 PM,355 Bayshore Blvd,San Francisco,San Francisco,CA,94124,Waymo LLC
Waymo LLC,Waymo LLC,2019-07-08,3:10 PM,Escuela Avenue and El Camino Real,Mountain View,Santa Clara,CA,94040,
Waymo LLC,Waymo LLC,2020-07-09,06:34 PM,Glenbrook Avenue and Palo Alto Avenue,San Francisco,San Francisco,CA,94131,
,Waymo LLC,2021-07-09,2:40 PM,Bush Street and Grant Avenue,San Francisco,San Francisco,CA,94108,Waymo LLC
,Waymo LLC,2021-07-12,3:30 PM,Broadway Street at Gough Street,San Francisco,San Francisco,CA,94109,Waymo LLC
,Waymo LLC,2021-07-14,4:47 PM,"2500 Block, Clement St",San Francisco,San Francisco,CA,94121,Waymo LLC
Waymo LLC,Waymo LLC,2019-07-16,4:44 PM,Central Expressway at Thompson Avenue,Mountain View,Santa Clara,CA,94043,
,Waymo LLC,2022-07-24,11:16 PM,Connecticut Street north of 25th Street,San Francisco,San Francisco,CA,94107,Waymo LLC
,Waymo LLC,2021-08-01,4:48 PM,Cabrillo Street and 23rd Avenue,San Francisco,San Francisco,CA,94121,Waymo LLC
,Waymo LLC,2021-08-05,12:41 PM,200 Block of Parnassus Avenue,San Francisco,San Francisco,CA,94117,Waymo LLC
Waymo LLC,Waymo LLC,2019-08-09,7:45 PM,Alma Street at Oregon Expressway,Palo Alto,Santa Clara,CA,94301,
Waymo LLC,Waymo LLC,2019-08-09,9:56 PM,N. Shoreline Boulevard at W. Middlefield Road,Mountain View,Santa Clara,CA,94043,
,Waymo LLC,2022-08-10,5:05 PM,Market Street & Clayton Street,San Francisco,San Francisco,CA,94114,Waymo LLC
Waymo LLC,Waymo LLC,2019-08-12,8:15 PM,S. Rengstorff Avenue at Crisanto Avenue,Mountain View,Santa Clara,CA,94040,
Waymo LLC,Waymo LLC,2019-08-13,4:31 PM,Page Mill Road at Oregon Expressway,Palo Alto,Santa Clara,CA,94306,
,Waymo LLC,2022-08-13,3:09 PM,106 Noe Street,San Francisco,San Francisco,CA,94114,Waymo LLC
,Waymo LLC,2021-08-14,10:11 PM,Alabama Street at 24th Street,San Francisco,San Francisco,CA,94110,Waymo LLC
,Waymo LLC,2022-08-14,6:08:00 PM,14th Street at Market Street,San Francisco,San Francisco,CA,94114,Waymo LLC
,Waymo LLC,2022-08-16,3:52 PM,Martin Luther King Jr. Drive at 25th Avenue,San Francisco,San Francisco,CA,94122,Waymo LLC
,Waymo LLC,2022-08-16,9:12:00 PM,Broadway at Sansome Street,San Francisco,San Francisco,CA,94133,Waymo LLC
,Waymo LLC,2021-08-21,3:24 PM,Scott Street and Sacramento Street,San Francisco,San Francisco,CA,94115,Waymo LLC
,Waymo LLC,2021-08-27,4:15 PM,Presidio Avenue and Bush Street,San Francisco,San Francisco,CA,94115,Waymo LLC
Waymo LLC,Waymo LLC,2019-09-14,2:12 PM,4800 El Camino Real,Los Altos,Santa Clara,CA,94022,
,Waymo LLC,2021-10-01,3:51 PM,John F. Kennedy Drive at Stanyayn Street,San Francisco,San Francisco,CA,94117,Waymo LLC
Waymo LLC,Waymo LLC,2019-10-10,12:58 PM,Rengstorff Avenue at Central Expressway,Mountain View,Santa Clara,CA,94043,
Waymo LLC,Waymo LLC,2019-10-14,9:03 PM,Cuesta Drive at S. San Antonio Road,Los Altos,Santa Clara,CA,94022,
Waymo LLC,Waymo LLC,2019-10-16,7:45 PM,Distel Drive at El Camino Real,Mountain View,Santa Clara,CA,94022,
Waymo LLC,Waymo LLC,2019-10-18,10:30 PM,Alma Street at Oregon Expressway,Palo Alto,Santa Clara,CA,94301,
Waymo LLC,Waymo LLC,2019-10-19,9:40 PM,3191 Middlefield Rd.,Palo Alto,Santa Clara,CA,94306,
Waymo LLC,Waymo LLC,2019-10-28,07:43 PM,Whisman Station Drive and Central Expressway,Mountain View,Santa Clara,CA,94043,
Waymo LLC,Waymo LLC,2019-10-28,10:47 PM,Castro Street at Central Expressway,Mountain View,Santa Clara,CA,94041,
Waymo LLC,Waymo LLC,2019-11-04,06:22 PM,Alma Street at Oregon Expressway,Palo Alto,Santa Clara,CA,94301,
,Waymo LLC,2022-12-17,1:50 PM,Embarcadero at Howard Street,San Francisco,San Francisco,CA,94105,Waymo LLC
Waymo LLC,Waymo LLC,2020-12-18,06:14 PM,151 Sanchez St.,San Francisco,San Francisco,CA,94114,
,Waymo LLC,2021-12-19,10:30 PM,Fulton Street and 5th Avenue,San Francisco,San Francisco,CA,94118,Waymo LLC
Waymo LLC,Waymo LLC,2019-12-20,09:13 PM,Whisman Station Drive and Central Expressway,Mountain View,Santa Clara,CA,94043,
,Waymo LLC,2021-12-22,12:35 PM,Cesar Chavez and Valencia St,San Francisco,San Francisco,CA,94110,Waymo LLC
Waymo LLC,Waymo LLC,2020-12-29,05:45 PM,3rd Street at 24th Street,San Francisco,San Francisco,CA,94107,
Waymo LLC,Waymo LLC,2021-05-23,02:42 PM,Sanchez Street at 16th Street,San Francisco,San Francisco,CA,94114,
,Waymo LLC,2023-06-18,5:06 PM,Market Street at Diamond Street,San Francisco,San Francisco,CA,94114,Waymo LLC
,Waymo LLC,2022-06-21,12:21 PM,Parking Entrance near Brannan Street and 9th Street,San Francisco,San Francisco,CA,94103,Waymo LLC
,Waymo LLC,2021-09-22,4:29 PM,Lombard Street and Scott Street,San Francisco,San Francisco,CA,94123,Waymo LLC
,WERIDE,2024-01-17,12:56 PM,On 2nd St Left turn to  E San Fernando St,San Jose,Santa Clara,CA,95134,WERIDE CORP
,WeRide.ai,2023-05-01,11:41 PM,Bay St and Columbus Ave,San Francisco,San Francisco,CA,94133,WeRide Corp
,WeRide.ai,2023-06-08,2:06 PM,E Trimble Rd between Junction Ave and Zanker Rd,San Jose,Santa Clara,CA,95134,WERIDE CORP
,WERIDE,2023-08-11,1:45 PM,Van Ness Ave between Eddy St and Turk St,San Francisco,San Francisco,CA,94109,WERIDE CORP
,WERIDE,2023-09-28,1:54 PM,On Embarcadero St left turning lane to Howard St,San Francisco,San Francisco,CA,94105,WERIDE CORP
,Weride Corp,2021-06-29,02:54 PM,280 S 1st Street,San Jose,Santa Clara,CA,95113,Weride Corp
,WeRide Corp,2021-11-03,03:27 PM,87 S On-ramp from Charcot Ave,San Jose,Santa Clara,CA,95131,WeRide Corp
,WeRide,2023-03-09,4:12 PM,Washington and The Embarcadero,SAN FRANCISCO,SAN FRANCISCO,CA,94105,WeRide Corp
,Weride Corp,2021-07-16,11:35 PM,2630 Orchard Parkway,San Jose,Santa Clara,CA,95134,Weride Corp
,,2022-08-08,10:10 PM,Fell Street and Divisadero Street,San Francisco,San Francisco,CA,94117,"Woven Planet North America, Inc."
,Zoox,2024-01-01,9:13 PM,On Capp Street at 24th Street,San Francisco,San Francisco,CA,94110,"Zoox, Inc."
,Zoox,2024-01-01,9:13 PM,On Capp Street at 24th Street,San Francisco,San Francisco,CA,94110,"Zoox, Inc."
,Zoox,2024-01-11,2:30 PM,On Florida St near the intersection with Division St,San Francisco,San Francisco,CA,94103,"Zoox, Inc."
,Zoox,2024-01-11,4:56 PM,On Bryant St at the intersection with 6th St,San Francisco,San Francisco,CA,94103,"Zoox, Inc."
,Zoox,2024-01-15,2:12 PM,On Stockton St near Union St,San Francisco,San Francisco,CA,94133,"Zoox, Inc."
,Zoox,2024-02-22,11:00 PM,On Mission St at 9th St,San Francisco,San Francisco,CA,94103,"Zoox, Inc."
,Zoox,2024-02-22,1:52 PM,Harrison and 13th Street,San Francisco,San Francisco,CA,94103,"Zoox, Inc."
,Zoox,2023-04-11,11:19 PM,Kearny Street and Commercial Street Intersection,San Francisco,San Francisco,CA,94108,"Zoox, Inc. dba Zoox Labs, Inc."
,Zoox Inc.,2023-05-17,11:40 PM,13th Street and Harrison Street,San Francisco,San Francisco,CA,94103,"Zoox Inc., dba Zoox Labs Inc."
,Zoox Inc.,2023-05-20,10:49 PM,Broadway Street and Montgomery Street,San Francisco,San Francisco,CA,94133,"Zoox Inc., dba Zoox Labs Inc."
,Zoox,2022-06-01,01:15 PM,"Pacific Ave., Kearny St., Columbus Ave. Intersectio",San Francisco,San Francisco,CA,94113,"Zoox, Inc. dba Zoox Labs Inc."
,Zoox,2023-08-16,8:45 PM,Sagamore St. and Orizaba St.,San Francisco,San Francisco,CA,94112,"Zoox, Inc. dba Zoox Labs Inc."
,Zoox,2023-09-11,3:20 PM,At 7th Street and Folsom Street,San Francisco,San Francisco,CA,94103,"Zoox, Inc. dba Zoox Labs Inc."
,Zoox,2023-10-12,8:12 PM,Jackson St. between Montgomery/Sansome Sts.,San Francisco,San Francisco,CA,94133,"Zoox, Inc. dba Zoox Labs Inc."
,Zoox,2023-01-01,06:40 PM,Mason Street and Eddy Street,San Francisco,San Francisco,CA,94102,"Zoox, Inc. dba Zoox Labs, Inc."
,Zoox Inc.,2022-01-04,11:30 PM,Montgomery Street after the Clay Street Intersection,San Francisco,San Francisco,CA,94111,Zoox Inc.
,Zoox Inc.,2022-01-11,8:55 PM,13th and Bryant St.,San Francisco,CA,CA,94103,Zoox Inc.
,Zoox Inc.,2022-01-16,1:57 PM,Alameda St. & Potrero Ave.,San Francisco,San Francisco,CA,94103,Zoox Inc.
,Zoox Inc.,2022-02-05,08:55 PM,Brannan and 7th Intersection,San Francisco,San Fancisco,CA,94103,Zoox Inc.
,Zoox Inc.,2022-02-06,08:40 PM,Treat Avenue,San Francisco,San Francisco,CA,94103,Zoox Inc.
,Zoox,2023-03-16,10:31 PM,Division Street approaching Bryant Street,San Francisco,San Francisco,CA,94103,"Zoox, Inc. dba Zoox Labs, Inc."
,Zoox Inc.,2022-03-22,3:00 PM,Stockton and Filbert Intersection,San Francisco,San Francisco,CA,94133,Zoox Inc.
,Zoox Inc.,2022-03-29,08:20 PM,3rd Street and Stillman Street,San Francisco,San Francisco,CA,94107,Zoox Inc.
,Zoox Inc.,2022-04-06,5:38 PM,9th and Bryant Street,San Francisco,San Francisco,CA,94103,Zoox Inc.
,Zoox Inc.,2022-04-28,03:28 PM,Colin P. Kelly St and Brannan St. Intersection,San Francisco,San Francisco,CA,94107,Zoox Inc.
Zoox Inc,Zoox Inc.,2021-05-11,05:13 PM,Kearny St. and Columbus Ave. Intersection,San Francisco,San Francisco,CA,94133,
,Zoox Inc.,2022-05-20,1:30 PM,Folsom St. near Essex St.,San Francisco,San Francisco,CA,94105,Zoox Inc.
,Zoox Inc.,2022-05-31,12:50 PM,10th Street and Folsom Street Intersection,San Francisco,San Francisco,CA,94103,Zoox Inc.
,Zoox Inc.,2022-06-01,1:02 PM,11th Street and Harrison Street Intersection,San Francisco,San Francisco,CA,94133,Zoox Inc.
,Zoox Inc.,,10:45 PM,Halsey Ave.,San Mateo,San Mateo,CA,94403,Zoox Inc.
,Zoox,2023-06-18,5:50 PM,Montgomery and Pine Street,San Francisco,San Francisco,CA,94104,"Zoox, Inc. dba Zoox Labs Inc."
,Zoox Inc.,2022-07-08,10:47 PM,Folsom Street and 9th Street,San Francisco,San Francisco,CA,94103,Zoox Inc.
,Zoox Inc.,2022-08-23,05:21 PM,Santa Cruz Ave.,Menlo Park,San Mateo,CA,94025,Zoox Inc.
,Zoox Inc.,2022-08-30,9:01 PM,On Kearny St. towards Bush St.,San Francisco,San Francisco,CA,94108,Zoox Inc.
,Zoox Inc.,2022-09-01,11:30 PM,Treat Ave. & Alameda St.,San Francisco,San Francisco,CA,94103,Zoox Inc.
,Zoox Inc.,2021-09-02,08:02 PM,Folsom St. and Essex St. Intersection,San Francisco,San Francisco,CA,94107,Zoox Inc.
,Zoox Inc.,2022-09-14,07:49 PM,W. Grant Line Rd and 580 W on-ramp,Altamont,Alameda County,CA,94551,Zoox Inc.
,Zoox Inc.,2021-09-21,03:15 PM,Intersection of Broadway and Sansome,San Francisco,San Francisco,CA,94133,Zoox Inc.
,Zoox,2022-10-03,2:02 PM,Pine St. near Powell St.,San Francisco,San Francisco,CA,94108,"Zoox, Inc. dba Zoox Labs, Inc."
,Zoox Inc.,2021-10-21,3:05 PM,Intersection of Columbus and Mason St.,San Francisco,San Francisco,CA,94133,Zoox Inc.
,Zoox Inc.,2021-11-03,04:09 PM,Intersection of Oakdell and Lemon St.,Menlo Park,San Mateo,CA,94025,Zoox Inc.
,Zoox,2022-11-04,1:40 PM,Vallejo Street and Sansome Street,San Francisco,San Francisco,CA,94111,"Zoox, Inc. dba Zoox Labs, Inc."
,Zoox,2022-11-14,8:22 PM,Folsom Street and 8th Street,San Francisco,San Francisco,CA,94103,"Zoox, Inc. dba Zoox Labs, Inc."
,Zoox,2022-11-28,10:18 PM,11th St. and Harrison St. Intersection,San Francisco,San Francisco,CA,94103,"Zoox, Inc. dba Zoox Labs, Inc."
Zoox Inc.,Zoox,2020-01-08,9:10 PM,Green St. and Grant St.,San Francisco,San Francisco,CA,94133,
Zoox Inc.,Zoox,2020-01-13,6:15 PM,Mason St. and Sutter St.,San Francisco,San Francisco,CA,94108,
Zoox Inc.,Zoox,2020-01-14,3:46 PM,5th St. and Folsom St.,San Francisco,San Francisco,CA,94107,
Zoox Inc.,Zoox,2020-01-21,8:44 PM,3rd St. and Mission St.,San Francisco,San Francisco,CA,94103,
Zoox Inc.,Zoox,2020-01-21,11:08 PM,Broadway St. and Powell St.,San Francisco,San Francisco,CA,94133,
,Zoox,2023-01-30,5:57 PM,Intersection of Folsom Street and 2nd Street,San Francisco,San Francisco,CA,94107,"Zoox, Inc. dba Zoox Labs, Inc."
,Zoox,2023-02-07,2:28 PM,2nd Street and Folsom Street Intersection,San Francisco,San Francisco,CA,94107,"Zoox, Inc. dba Zoox Labs, Inc."
,Zoox,2023-02-08,1:27 PM,Embarcadero between Howard St. and Folsom St.,San Francisco,San Francisco,CA,94105,"Zoox, Inc. dba Zoox Labs, Inc."
Zoox Inc.,Zoox Inc.,2021-02-11,09:34 PM,Green near Columbus,San Francisco,San Francisco,CA,94113,
,Zoox,2023-02-11,6:06 PM,5th Street and Jesse Street,San Francisco,San Francisco,CA,94103,"Zoox, Inc. dba Zoox Labs, Inc."
Zoox Inc.,Zoox,2020-02-21,9:25 PM,California St and Mason Street,San Francisco,San Francisco,CA,94108,
,Zoox,2023-02-23,3:36 PM,Harrison St. and Sixth St. Intersection,San Francisco,San Francisco,CA,94103,"Zoox, Inc. dba Zoox Labs, Inc."
Zoox Inc.,Zoox,2020-02-26,11:28 PM,Montgomery St and Clay St,San Francisco,San Francisco,CA,94111,
Zoox Inc.,Zoox,2020-02-26,8:52 PM,Montgomery St and Pacific St,San Francisco,San Francisco,CA,94133,
Zoox Inc.,Zoox Inc.,2021-03-18,5:47 PM,Folsom between 4th and Mabini St.,San Francisco,San Francisco,CA,94103,
,Zoox,2023-04-11,10:54 PM,Lombard Street,San Francisco,San Francisco,CA,94133,"Zoox, Inc. dba Zoox Labs Inc."
,Zoox Inc.,2022-04-22,5:50 PM,Mason St. and Ellis St. Intersection,San Francisco,San Francisco,CA,94102,Zoox Inc.
Zoox Inc.,Zoox,2019-06-11,11:16 PM,Grant Ave & Union St,San Francisco,San Francisco,CA,94133,
Zoox Inc.,Zoox,2019-06-19,11:18 PM,Mason St & Sutter St,San Francisco,San Francisco,CA,94108,
,Zoox Inc.,2022-06-28,2:36 PM,Kearny Street approaching Post Street,San Francisco,San Francisco,CA,94108,Zoox Inc.
,Zoox Inc.,2021-07-13,2:11 PM,Montgomery St. approaching Jackson St.,San Francisco,San Francisco,CA,94133,Zoox Inc.
,Zoox Inc.,2022-07-22,02:30 PM,14th St. & Harrison St. Intersection,San Francisco,San Francisco,CA,94103,Zoox Inc.
Zoox Inc.,Zoox,2019-07-23,8:50 PM,Hyde St & Union St,San Francisco,San Francisco,CA,94109,
Zoox Inc.,Zoox Inc.,,10:50 PM,Polk and Green Street,San Francisco,San Francisco,CA,94109,
Zoox Inc.,Zoox Inc.,2020-08-20,12:05 PM,Howard St between Moss & Russ Street,San Francisco,San Francisco,CA,94103,
Zoox Inc.,Zoox Inc.,2020-09-16,10:40 PM,Intersection of Folsom and 5th Street,San Francisco,San Francisco,CA,94107,
Zoox Inc.,Zoox Inc.,2020-10-06,1:40 PM,Harrison St / 13th St,San Francisco,San Francisco,CA,94103,
Zoox Inc.,Zoox,2019-10-11,12:10 PM,Union St. and Grant St.,San Francisco,San Francisco,CA,94133,
Zoox Inc.,Zoox,2019-10-12,2:00 PM,Polk St. and Green St.,San Francisco,San Francisco,CA,94109,
,Zoox,2022-10-14,2:52 PM,Broadway St & Sansome St Intersection,San Francisco,San Francisco,CA,94133,"Zoox, Inc. dba Zoox Labs, Inc."
,Zoox,2022-11-20,1:24 PM,The Embarcadero and Washington Street,San Francisco,San Francisco,CA,94111,"Zoox, Inc. dba Zoox Labs, Inc."
Zoox Inc,Zoox,2019-11-22,11:11 PM,5th St. and Folsom St.,San Francisco,San Francisco,CA,94017,
Zoox Inc,Zoox Inc,2019-12-19,9:45 PM,NB Kearny Street before Post Street,San Francisco,San Francisco,CA,94108,
Zoox Inc,Zoox Inc,2019-12-20,9:00 PM,Kearny Street and Jackson Street,San Francisco,San Francisco,CA,94108,
,Zoox Inc.,2021-12-08,10:00 PM,Intersection of Montgomery and Pacific,San Francisco,San Francisco,CA,94112,Zoox Inc.
